title,url,type,rank
sports illustrated,https://www.google.co.jp/search?q=sports+illustrated,SUGGESTION,1
sports graphic number,https://www.google.co.jp/search?q=sports+graphic+number,SUGGESTION,1
sports navi,https://www.google.co.jp/search?q=sports+navi,SUGGESTION,1
sports authority,https://www.google.co.jp/search?q=sports+authority,SUGGESTION,1
sports depo,https://www.google.co.jp/search?q=sports+depo,SUGGESTION,1
sports news,https://www.google.co.jp/search?q=sports+news,SUGGESTION,1
sports direct,https://www.google.co.jp/search?q=sports+direct,SUGGESTION,1
sports day,https://www.google.co.jp/search?q=sports+day,SUGGESTION,1
sports 意味,https://www.google.co.jp/search?q=sports+意味,SUGGESTION,1
sports bull,https://www.google.co.jp/search?q=sports+bull,SUGGESTION,1
